chamber,name,wikipedia,ID,party,state
Camara dos Deputados,Abou Anni,https://pt.wikipedia.org/wiki/Abou_Anni,Q58988358,UNIÃO,SP
Camara dos Deputados,Acácio Favacho,https://pt.wikipedia.org/wiki/Acácio_Favacho,Q59010539,MDB,AP
Senado,Acir Gurgacz,https://pt.wikipedia.org/wiki/Acir_Gurgacz,Q13491651,PDT,RO
Camara dos Deputados,Adolfo Viana,https://pt.wikipedia.org/wiki/Adolfo_Viana,Q59205095,PSDB,BA
Camara dos Deputados,Adriana Miguel Ventura,https://pt.wikipedia.org/wiki/Adriana_Ventura,Q59284364,NOVO,SP
Camara dos Deputados,Adriano Do Baldy,https://pt.wikipedia.org/wiki/Adriano_Avelar,Q58995145,PP,GO
Camara dos Deputados,Aécio Neves,https://pt.wikipedia.org/wiki/Aécio_Neves,Q2875339,PSDB,MG
Camara dos Deputados,Aelton José de Freitas,https://pt.wikipedia.org/wiki/Aelton_Freitas,Q16144755,PP,MG
Camara dos Deputados,Afonso Florence,https://pt.wikipedia.org/wiki/Afonso_Florence,Q9587090,PT,BA
Camara dos Deputados,José Affonso Ebert Hamm,https://pt.wikipedia.org/wiki/Afonso_Hamm,Q10308690,PP,RS
Camara dos Deputados,Afonso Antunes da Motta,https://pt.wikipedia.org/wiki/Afonso_Motta,Q19607416,PDT,RS
Camara dos Deputados,Airton Faleiro,https://pt.wikipedia.org/wiki/Airton_Faleiro,Q59010339,PT,PA
Camara dos Deputados,Antônio José Albuquerque,https://pt.wikipedia.org/wiki/Antônio_José_Albuquerque,Q60782633,PP,CE
Camara dos Deputados,Alceu Moreira,https://pt.wikipedia.org/wiki/Alceu_Moreira,Q9594946,MDB,RS
Camara dos Deputados,Alcides Rodrigues,https://pt.wikipedia.org/wiki/Alcides_Rodrigues,Q514040,PATRIOTA,GO
Camara dos Deputados,Alencar Santana Braga,https://pt.wikipedia.org/wiki/Alencar_Santana,Q18237253,PT,SP
Camara dos Deputados,Alê Silva,https://pt.wikipedia.org/wiki/Alê_Silva,Q59204905,REPUBLICANOS,MG
Camara dos Deputados,Alessandro Molon,https://pt.wikipedia.org/wiki/Alessandro_Molon,Q16336306,PSB,RJ
Senado,Alessandro Vieira,https://pt.wikipedia.org/wiki/Alessandro_Vieira,Q59284514,PSDB,SE
Camara dos Deputados,Alexandre Figueiredo,https://pt.wikipedia.org/wiki/Alexandre_Figueiredo,Q30933949,PSD,SE
Camara dos Deputados,Alexandre Frota,https://pt.wikipedia.org/wiki/Alexandre_Frota,Q4720839,PSDB,SP
Camara dos Deputados,Alexandre Leite,https://pt.wikipedia.org/wiki/Alexandre_Leite,Q16336345,UNIÃO,SP
Camara dos Deputados,Alexandre Padilha,https://pt.wikipedia.org/wiki/Alexandre_Padilha,Q4163528,PT,SP
Senado,Alexandre Silveira de Oliveira,https://pt.wikipedia.org/wiki/Alexandre_Silveira,Q16336362,PSD,MG
Camara dos Deputados,Alexis,https://pt.wikipedia.org/wiki/Alexis_Fonteyne,Q59284386,NOVO,SP
Camara dos Deputados,Alex Manente,https://pt.wikipedia.org/wiki/Alex_Manente,Q16336322,CIDADANIA,SP
Camara dos Deputados,Alex Santana,,,REPUBLICANOS,BA
Camara dos Deputados,Alice Portugal,https://pt.wikipedia.org/wiki/Alice_Portugal,Q8195571,PCdoB,BA
Camara dos Deputados,Aliel Machado,,,PV,PR
Camara dos Deputados,Aline Gurgel,https://pt.wikipedia.org/wiki/Aline_Gurgel,Q58966765,REPUBLICANOS,AP
Camara dos Deputados,Aline Sleutjes,https://pt.wikipedia.org/wiki/Aline_Sleutjes,Q59204915,PROS,PR
Camara dos Deputados,Altineu Cortes,https://pt.wikipedia.org/wiki/Altineu_Côrtes,Q16489061,PL,RJ
Camara dos Deputados,Aluísio Mendes,https://pt.wikipedia.org/wiki/Aluísio_Mendes,Q25175949,PSC,MA
Senado,Alvaro Dias,,,PODEMOS,PR
Camara dos Deputados,Amaro Neto,https://pt.wikipedia.org/wiki/Amaro_Neto,Q27999190,REPUBLICANOS,ES
Camara dos Deputados,André Abdon,https://pt.wikipedia.org/wiki/André_Abdon,Q25175979,PP,AP
Camara dos Deputados,André de Paula,https://pt.wikipedia.org/wiki/André_de_Paula,Q16490361,PSD,PE
Camara dos Deputados,André Ferreira,,,PL,PE
Camara dos Deputados,André Figueiredo,https://pt.wikipedia.org/wiki/André_Figueiredo,Q21290171,PDT,CE
Camara dos Deputados,André Fufuca,https://pt.wikipedia.org/wiki/André_Fufuca,Q24150974,PP,MA
Camara dos Deputados,Andre Janones,https://pt.wikipedia.org/wiki/André_Janones,Q59284492,AVANTE,MG
Camara dos Deputados,Ângela Amin,https://pt.wikipedia.org/wiki/Ângela_Amin,Q10396106,PP,SC
Senado,Angelo Coronel,https://pt.wikipedia.org/wiki/Angelo_Coronel,Q56346750,PSD,BA
Camara dos Deputados,Antônia Lúcia,,,REPUBLICANOS,AC
Camara dos Deputados,Antonio Brito,,,PSD,BA
Camara dos Deputados,Arlindo Chinaglia,https://pt.wikipedia.org/wiki/Arlindo_Chinaglia,Q520653,PT,SP
Camara dos Deputados,Arnaldo Jardim,https://pt.wikipedia.org/wiki/Arnaldo_Jardim,Q16493911,CIDADANIA,SP
Camara dos Deputados,Aroldo Martins,https://pt.wikipedia.org/wiki/Aroldo_Martins,Q59203721,REPUBLICANOS,PR
Camara dos Deputados,Arthur Lira,https://pt.wikipedia.org/wiki/Arthur_Lira,Q23904977,PP,AL
Camara dos Deputados,Arthur Oliveira Maia,,,UNIÃO,BA
Camara dos Deputados,Átila Lins,https://pt.wikipedia.org/wiki/Átila_Lins,Q10396030,PSD,AM
Camara dos Deputados,Átila Freitas Lira,https://pt.wikipedia.org/wiki/Átila_Lira,Q16336813,PP,PI
Camara dos Deputados,Augusto Coutinho,https://pt.wikipedia.org/wiki/Augusto_Coutinho,Q21019922,REPUBLICANOS,PE
Camara dos Deputados,Áurea Carolina,https://pt.wikipedia.org/wiki/Áurea_Carolina,Q43193797,PSOL,MG
Camara dos Deputados,Aureo Ribeiro,,,SOLIDARIEDADE,RJ
Camara dos Deputados,Bacelar,,,PV,BA
Camara dos Deputados,Baleia Rossi,https://pt.wikipedia.org/wiki/Baleia_Rossi,Q9644523,MDB,SP
Camara dos Deputados,Benedita da Silva,https://pt.wikipedia.org/wiki/Benedita_da_Silva,Q4887390,PT,RJ
Camara dos Deputados,Benes Leocadio,https://pt.wikipedia.org/wiki/Benes_Leocádio,Q59284475,UNIÃO,RN
Camara dos Deputados,Beto Faro,https://pt.wikipedia.org/wiki/Beto_Faro,Q48871854,PT,PA
Camara dos Deputados,Beto Pereira,,,PSDB,MS
Camara dos Deputados,Beto Rosado,https://pt.wikipedia.org/wiki/Beto_Rosado,Q23893572,PP,RN
Camara dos Deputados,Bia Kicis,https://pt.wikipedia.org/wiki/Bia_Kicis,Q59203310,PL,DF
Camara dos Deputados,Bibo Nunes,https://pt.wikipedia.org/wiki/Bibo_Nunes,Q16498237,PL,RS
Camara dos Deputados,Bilac Pinto,,,UNIÃO,MG
Camara dos Deputados,Bira do Pindaré,https://pt.wikipedia.org/wiki/Bira_do_Pindaré,Q16336933,PSB,MA
Camara dos Deputados,Elvino Bohn Gass,https://pt.wikipedia.org/wiki/Bohn_Gass,Q19706588,PT,RS
Camara dos Deputados,Bosco Costa,https://pt.wikipedia.org/wiki/Bosco_Costa,Q59000912,PL,SE
Camara dos Deputados,Bosco Saraiva,,,SOLIDARIEDADE,AM
Camara dos Deputados,Bozzella,,,UNIÃO,SP
Camara dos Deputados,Bruna Furlan,https://pt.wikipedia.org/wiki/Bruna_Furlan,Q16336968,PSDB,SP
Camara dos Deputados,Cacá Leão,https://pt.wikipedia.org/wiki/Cacá_Leão,Q25441401,PP,BA
Camara dos Deputados,Camilo Capiberibe,https://pt.wikipedia.org/wiki/Camilo_Capiberibe,Q5026730,PSB,AP
Camara dos Deputados,Alberto Cavalcante Neto,https://pt.wikipedia.org/wiki/Alberto_Cavalcante_Neto,Q60782631,PL,AM
Camara dos Deputados,Capitão Augusto,,,PL,SP
Camara dos Deputados,Capitão Derrite,,,PL,SP
Camara dos Deputados,Fábio Abreu Costa,https://pt.wikipedia.org/wiki/Fábio_Abreu_Costa,Q20045762,PSD,PI
Camara dos Deputados,Capitão Wagner,,,UNIÃO,CE
Camara dos Deputados,Carla Dickson,https://pt.wikipedia.org/wiki/Carla_Dickson,Q50329614,UNIÃO,RN
Camara dos Deputados,Carla Zambelli,https://pt.wikipedia.org/wiki/Carla_Zambelli,Q59205152,PL,SP
Camara dos Deputados,Carlos Gomes Bezerra,https://pt.wikipedia.org/wiki/Carlos_Bezerra,Q9697100,MDB,MT
Camara dos Deputados,Carlos Chiodini,https://pt.wikipedia.org/wiki/Carlos_Chiodini,Q17489966,MDB,SC
Camara dos Deputados,Carlos Gomes,,,REPUBLICANOS,RS
Camara dos Deputados,Carlos Henrique Amorim,https://pt.wikipedia.org/wiki/Carlos_Gaguim,Q9697118,UNIÃO,TO
Camara dos Deputados,Carlos Jordy,https://pt.wikipedia.org/wiki/Carlos_Jordy,Q59203243,PL,RJ
Senado,Carlos Portinho,https://pt.wikipedia.org/wiki/Carlos_Portinho,Q101242849,PL,RJ
Camara dos Deputados,Carlos Sampaio,,,PSDB,SP
Camara dos Deputados,Carlos Veras,,,PT,PE
Senado,Carlos Viana,,,PL,MG
Camara dos Deputados,Carlos Zarattini,https://pt.wikipedia.org/wiki/Carlos_Zarattini,Q9697396,PT,SP
Camara dos Deputados,Carmen Zanotto,https://pt.wikipedia.org/wiki/Carmen_Zanotto,Q18274606,CIDADANIA,SC
Camara dos Deputados,Caroline De Toni,https://pt.wikipedia.org/wiki/Caroline_De_Toni,Q59284410,PL,SC
Camara dos Deputados,Cássio Andrade,https://pt.wikipedia.org/wiki/Cássio_Andrade,Q58988250,PSB,PA
Camara dos Deputados,Celina Leão,https://pt.wikipedia.org/wiki/Celina_Leão,Q27862778,PP,DF
Camara dos Deputados,Celio Moura,https://pt.wikipedia.org/wiki/Célio_Moura,Q59203931,PT,TO
Camara dos Deputados,Célio Silveira,https://pt.wikipedia.org/wiki/Célio_Silveira,Q21019970,MDB,GO
Camara dos Deputados,Celio Studart,https://pt.wikipedia.org/wiki/Célio_Studart,Q59204931,PSD,CE
Camara dos Deputados,Celso Maldaner,https://pt.wikipedia.org/wiki/Celso_Maldaner,Q17490028,MDB,SC
Camara dos Deputados,Celso Russomanno,,,REPUBLICANOS,SP
Camara dos Deputados,Celso Sabino,,,UNIÃO,PA
Camara dos Deputados,Cezinha de Madureira,https://pt.wikipedia.org/wiki/Cezinha_de_Madureira,Q56195632,PSD,SP
Camara dos Deputados,Charles Fernandes,,,PSD,BA
Camara dos Deputados,Charlles Evangelista,https://pt.wikipedia.org/wiki/Charlles_Evangelista,Q59009984,PP,MG
Camara dos Deputados,Chico d'Ângelo,https://pt.wikipedia.org/wiki/Chico_d'Ângelo,Q16939738,PDT,RJ
Senado,Chico Rodrigues,https://pt.wikipedia.org/wiki/Chico_Rodrigues,Q16337178,UNIÃO,RR
Camara dos Deputados,Chiquinho Brazão,https://pt.wikipedia.org/wiki/Chiquinho_Brazão,Q58997373,UNIÃO,RJ
Camara dos Deputados,Christiane Yared,https://pt.wikipedia.org/wiki/Christiane_Yared,Q18243754,PP,PR
Camara dos Deputados,Christino Áureo,https://pt.wikipedia.org/wiki/Christino_Áureo,Q16939760,PP,RJ
Camara dos Deputados,Chris Tonietto,https://pt.wikipedia.org/wiki/Chris_Tonietto,Q59216517,PL,RJ
Camara dos Deputados,Clarissa Garotinho,,,UNIÃO,RJ
Camara dos Deputados,Cláudio Cajado,https://pt.wikipedia.org/wiki/Cláudio_Cajado,Q16337250,PP,BA
Camara dos Deputados,Cléber Verde,https://pt.wikipedia.org/wiki/Cléber_Verde,Q24040304,REPUBLICANOS,MA
Senado,Confúcio Moura,https://pt.wikipedia.org/wiki/Confúcio_Moura,Q9849034,MDB,RO
Camara dos Deputados,Coronel Armando,https://pt.wikipedia.org/wiki/Coronel_Armando,Q59284414,PL,SC
Camara dos Deputados,Coronel Chrisóstomo,https://pt.wikipedia.org/wiki/Chrisóstomo_de_Moura,Q59284486,PL,RO
Camara dos Deputados,Coronel Tadeu,https://pt.wikipedia.org/wiki/Coronel_Tadeu,Q59204934,PL,SP
Camara dos Deputados,Luis Antonio Franciscatto Covatti,https://pt.wikipedia.org/wiki/Covatti_Filho,Q20045978,PP,RS
Camara dos Deputados,Cristiano Vale,https://pt.wikipedia.org/wiki/Cristiano_Vale,Q59204985,PP,PA
Camara dos Deputados,Dagoberto Nogueira Filho,https://pt.wikipedia.org/wiki/Dagoberto_Nogueira_Filho,Q10263709,PSDB,MS
Camara dos Deputados,Damião Feliciano,https://pt.wikipedia.org/wiki/Damião_Feliciano,Q10263827,UNIÃO,PB
Camara dos Deputados,Daniela Carneiro,https://pt.wikipedia.org/wiki/Daniela_Carneiro,Q59205144,UNIÃO,RJ
Camara dos Deputados,Daniel Almeida,,,PCdoB,BA
Camara dos Deputados,Daniel Coelho,,,CIDADANIA,PE
Camara dos Deputados,Daniel Freitas,,,PL,SC
Senado,Daniella Ribeiro,https://pt.wikipedia.org/wiki/Daniella_Ribeiro,Q16337325,PSD,PB
Camara dos Deputados,Daniel Silveira,https://pt.wikipedia.org/wiki/Daniel_Silveira,Q60782632,PTB,RJ
Camara dos Deputados,Daniel Da Tv,https://pt.wikipedia.org/wiki/Daniel_Trzeciak,Q59284533,PSDB,RS
Camara dos Deputados,Danilo Jorge de Barros Cabral,https://pt.wikipedia.org/wiki/Danilo_Cabral,Q25175923,PSB,PE
Camara dos Deputados,Danilo Forte,https://pt.wikipedia.org/wiki/Danilo_Forte,Q23905411,UNIÃO,CE
Camara dos Deputados,Danrlei de Deus Hinterholz,https://pt.wikipedia.org/wiki/Danrlei,Q953573,PSD,RS
Camara dos Deputados,Darci de Matos,https://pt.wikipedia.org/wiki/Darci_de_Matos,Q10264197,PSD,SC
Senado,Dário Berger,https://pt.wikipedia.org/wiki/Dário_Berger,Q10269227,PSB,SC
Senado,Davi Alcolumbre,https://pt.wikipedia.org/wiki/Davi_Alcolumbre,Q10264359,UNIÃO,AP
Camara dos Deputados,David Miranda,,,PDT,RJ
Camara dos Deputados,David Soares,,,UNIÃO,SP
Camara dos Deputados,Da Vitoria,https://pt.wikipedia.org/wiki/Josias_da_Vitória,Q59002351,PP,ES
Camara dos Deputados,Antônio Furtado,https://pt.wikipedia.org/wiki/Antônio_Furtado,Q59203038,UNIÃO,RJ
Camara dos Deputados,Éder Mauro Cardoso Barra,https://pt.wikipedia.org/wiki/Éder_Mauro,Q20942015,PL,PA
Camara dos Deputados,Delegado Marcelo Freitas,,,UNIÃO,MG
Camara dos Deputados,Pablo Oliva,https://pt.wikipedia.org/wiki/Pablo_Oliva,Q60782616,UNIÃO,AM
Camara dos Deputados,Delegado Waldir,https://pt.wikipedia.org/wiki/Delegado_Waldir,Q20045716,UNIÃO,GO
Camara dos Deputados,Denis Bezerra,https://pt.wikipedia.org/wiki/Denis_Bezerra,Q58996186,PSB,CE
Camara dos Deputados,Diego Andrade,,,PSD,MG
Camara dos Deputados,Diego Garcia,,,REPUBLICANOS,PR
Camara dos Deputados,Dimas Fabiano Toledo Junior,https://pt.wikipedia.org/wiki/Dimas_Fabiano,Q10266351,PP,MG
Camara dos Deputados,Domingos Neto,https://pt.wikipedia.org/wiki/Domingos_Neto,Q21020012,PSD,CE
Camara dos Deputados,Domingos Sávio,,,PL,MG
Camara dos Deputados,Dr. Agripino Magalhães,,,UNIÃO,CE
Camara dos Deputados,Dr. Frederico,,,PATRIOTA,MG
Camara dos Deputados,Dr. Jaziel,https://pt.wikipedia.org/wiki/Jaziel_Pereira,Q59003788,PL,CE
Camara dos Deputados,Leonardo Ribeiro Albuquerque,https://pt.wikipedia.org/wiki/Leonardo_Ribeiro_Albuquerque,Q60784847,REPUBLICANOS,MT
Camara dos Deputados,Dr. Luiz Antonio Teixeira Jr.,,,PP,RJ
Camara dos Deputados,Luiz Ovando,https://pt.wikipedia.org/wiki/Luiz_Ovando,Q60782558,PP,MS
Camara dos Deputados,Dr. Zacarias Calil,https://pt.wikipedia.org/wiki/Zacharias_Calil,Q59572975,UNIÃO,GO
Camara dos Deputados,Soraya Manato,https://pt.wikipedia.org/wiki/Soraya_Manato,Q60782571,PTB,ES
Camara dos Deputados,Dra. Vanda Milani,https://pt.wikipedia.org/wiki/Vanda_Milani,Q59284394,PROS,AC
Camara dos Deputados,Dulce Miranda,https://pt.wikipedia.org/wiki/Dulce_Miranda,Q28677571,MDB,TO
Camara dos Deputados,Edilázio Júnior,https://pt.wikipedia.org/wiki/Edilázio_Júnior,Q28072944,PSD,MA
Camara dos Deputados,Edio Lopes,,,PL,RR
Camara dos Deputados,Edna Henrique,https://pt.wikipedia.org/wiki/Edna_Henrique,Q59203208,REPUBLICANOS,PB
Camara dos Deputados,Eduardo Barbosa,,,PSDB,MG
Camara dos Deputados,Eduardo Bismarck,https://pt.wikipedia.org/wiki/Eduardo_Bismarck,Q58996577,PDT,CE
Camara dos Deputados,Eduardo Bolsonaro,https://pt.wikipedia.org/wiki/Eduardo_Bolsonaro,Q18246320,PL,SP
Senado,Eduardo Braga,,,MDB,AM
Camara dos Deputados,Eduardo Costa,,,PSD,PA
Camara dos Deputados,Eduardo Cury,https://pt.wikipedia.org/wiki/Eduardo_Cury,Q10270649,PSDB,SP
Camara dos Deputados,Eduardo da Fonte,https://pt.wikipedia.org/wiki/Eduardo_da_Fonte,Q10270805,PP,PE
Senado,Eduardo Girão,https://pt.wikipedia.org/wiki/Eduardo_Girão,Q57699261,PODEMOS,CE
Senado,Eduardo Velloso,,,UNIÃO,AC
Camara dos Deputados,Efraim Filho,,,UNIÃO,PB
Camara dos Deputados,Elcione Barbalho,https://pt.wikipedia.org/wiki/Elcione_Barbalho,Q10271244,MDB,PA
Senado,Eliane Nogueira,,,PP,PI
Camara dos Deputados,Elias Vaz,,,PSB,GO
Camara dos Deputados,Eli Borges,https://pt.wikipedia.org/wiki/Eli_Borges,Q58997105,PL,TO
Camara dos Deputados,Eli Corrêa Filho,https://pt.wikipedia.org/wiki/Eli_Corrêa_Filho,Q10271797,UNIÃO,SP
Camara dos Deputados,Eliza Virgínia,,,PP,PB
Senado,Eliziane Gama,https://pt.wikipedia.org/wiki/Eliziane_Gama,Q10271991,CIDADANIA,MA
Senado,Elmano Férrer,https://pt.wikipedia.org/wiki/Elmano_Férrer,Q10272016,PP,PI
Camara dos Deputados,Elmar Nascimento,https://pt.wikipedia.org/wiki/Elmar_Nascimento,Q25441500,UNIÃO,BA
Camara dos Deputados,Emanuel Pinheiro Neto,,,MDB,MT
Camara dos Deputados,Emidinho Madeira,https://pt.wikipedia.org/wiki/Emidinho_Madeira,Q60782592,PL,MG
Camara dos Deputados,Enio Verri,,,PT,PR
Camara dos Deputados,Enrico Misasi,https://pt.wikipedia.org/wiki/Enrico_Misasi,Q59203762,MDB,SP
Camara dos Deputados,Erika Kokay,https://pt.wikipedia.org/wiki/Erika_Kokay,Q10273609,PT,DF
Camara dos Deputados,Eros Ferreira Biondini,https://pt.wikipedia.org/wiki/Eros_Biondini,Q10274145,PL,MG
Senado,Esperidião Amin,https://pt.wikipedia.org/wiki/Esperidião_Amin,Q2738543,PP,SC
Camara dos Deputados,Euclydes Pettersen,,,PSC,MG
Camara dos Deputados,Evair de Melo,https://pt.wikipedia.org/wiki/Evair_de_Melo,Q23905413,PP,ES
Camara dos Deputados,Expedito Netto,https://pt.wikipedia.org/wiki/Expedito_Netto,Q48871952,PSD,RO
Senado,Fabiano Contarato,https://pt.wikipedia.org/wiki/Fabiano_Contarato,Q58237468,PT,ES
Camara dos Deputados,Fábio Henrique,,,UNIÃO,SE
Camara dos Deputados,Fábio Ramalho,https://pt.wikipedia.org/wiki/Fábio_Ramalho,Q28678579,MDB,MG
Camara dos Deputados,Fábio Reis,https://pt.wikipedia.org/wiki/Fábio_Reis,Q48871933,PSD,SE
Camara dos Deputados,Fabio Schiochet,https://pt.wikipedia.org/wiki/Fabio_Schiochet,Q59204895,UNIÃO,SC
Camara dos Deputados,Fábio Trad,https://pt.wikipedia.org/wiki/Fábio_Trad,Q59204973,PSD,MS
Camara dos Deputados,Fausto Pinato,https://pt.wikipedia.org/wiki/Fausto_Pinato,Q19708125,PP,SP
Camara dos Deputados,Felício Laterça,https://pt.wikipedia.org/wiki/Felício_Laterça,Q60782593,PP,RJ
Camara dos Deputados,Felipe Carreras,https://pt.wikipedia.org/wiki/Felipe_Carreras,Q48871894,PSB,PE
Camara dos Deputados,Felipe Francischini,https://pt.wikipedia.org/wiki/Felipe_Francischini,Q47468510,UNIÃO,PR
Camara dos Deputados,Felipe Rigoni,https://pt.wikipedia.org/wiki/Felipe_Rigoni,Q59204263,UNIÃO,ES
Camara dos Deputados,Félix Mendonça Júnior,https://pt.wikipedia.org/wiki/Félix_Mendonça_Júnior,Q23893555,PDT,BA
Camara dos Deputados,Fernanda Melchionna,https://pt.wikipedia.org/wiki/Fernanda_Melchionna,Q30935558,PSOL,RS
Senado,Fernando Bezerra Coelho,https://pt.wikipedia.org/wiki/Fernando_Bezerra_Coelho,Q10281269,MDB,PE
Camara dos Deputados,Fernando Filho,https://pt.wikipedia.org/wiki/Fernando_Coelho_Filho,Q16940146,UNIÃO,PE
Senado,Fernando Collor de Mello,https://pt.wikipedia.org/wiki/Fernando_Collor,Q236503,PTB,AL
Camara dos Deputados,Fernando Monteiro,,,PP,PE
Camara dos Deputados,Fernando Rodolfo,https://pt.wikipedia.org/wiki/Fernando_Rodolfo,Q59284509,PL,PE
Camara dos Deputados,Filipe Barros,,,PL,PR
Camara dos Deputados,Flávia Arruda,https://pt.wikipedia.org/wiki/Flávia_Arruda,Q60961728,PL,DF
Camara dos Deputados,Flávia Morais,,,PDT,GO
Camara dos Deputados,Flaviano Melo,https://pt.wikipedia.org/wiki/Flaviano_Melo,Q10282741,MDB,AC
Senado,Flávio Arns,https://pt.wikipedia.org/wiki/Flávio_Arns,Q10283051,PODEMOS,PR
Senado,Flávio Bolsonaro,https://pt.wikipedia.org/wiki/Flávio_Bolsonaro,Q10283057,PL,RJ
Camara dos Deputados,Flávio Nogueira,,,PT,PI
Camara dos Deputados,Francisco Jr.,,,PSD,GO
Camara dos Deputados,Franco Cartafina,,,PP,MG
Camara dos Deputados,Fred Costa,,,PATRIOTA,MG
Camara dos Deputados,Frei Anastacio Ribeiro,,,PT,PB
Camara dos Deputados,Gelson Azevedo,,,PL,RJ
Camara dos Deputados,Genecias Noronha,https://pt.wikipedia.org/wiki/Genecias_Noronha,Q30931741,PL,CE
Camara dos Deputados,Eliéser Girão Monteiro Filho,https://pt.wikipedia.org/wiki/Eliéser_Girão_Monteiro_Filho,Q59284524,PL,RN
Camara dos Deputados,General Peternelli,https://pt.wikipedia.org/wiki/Roberto_Sebastião_Peternelli_Junior,Q59204171,UNIÃO,SP
Camara dos Deputados,Eugênio José Zuliani,https://pt.wikipedia.org/wiki/Eugênio_José_Zuliani,Q10278180,UNIÃO,SP
Camara dos Deputados,Geovania De Sá,,,PSDB,SC
Camara dos Deputados,Gervásio Maia,,,PSB,PB
Camara dos Deputados,Fernando Giacobo,https://pt.wikipedia.org/wiki/Fernando_Giacobo,Q16940012,PL,PR
Camara dos Deputados,Gilberto Aparecido Abramo,https://pt.wikipedia.org/wiki/Gilberto_Aparecido_Abramo,Q10289540,REPUBLICANOS,MG
Camara dos Deputados,Gilberto Nascimento,https://pt.wikipedia.org/wiki/Gilberto_Nascimento,Q16940201,PSC,SP
Camara dos Deputados,Gil Cutrim,,,REPUBLICANOS,MA
Camara dos Deputados,Gilson Marques,https://pt.wikipedia.org/wiki/Gilson_Marques,Q59203705,NOVO,SC
Senado,Giordano,,,MDB,SP
Camara dos Deputados,Giovani Cherini,https://pt.wikipedia.org/wiki/Giovani_Cherini,Q10289877,PL,RS
Camara dos Deputados,Giovani Feltes,https://pt.wikipedia.org/wiki/Giovani_Feltes,Q19708978,MDB,RS
Camara dos Deputados,Glauber Braga,https://pt.wikipedia.org/wiki/Glauber_Braga,Q10290036,PSOL,RJ
Camara dos Deputados,Glaustin Da Fokus,https://pt.wikipedia.org/wiki/Glaustin_da_Fokus,Q59572957,PSC,GO
Camara dos Deputados,Gleisi Hoffmann,https://pt.wikipedia.org/wiki/Gleisi_Hoffmann,Q457757,PT,PR
Camara dos Deputados,Luiz Gonzaga Patriota,https://pt.wikipedia.org/wiki/Gonzaga_Patriota,Q10320757,PSB,PE
Camara dos Deputados,Greyce Elias,https://pt.wikipedia.org/wiki/Greyce_Elias,Q59004375,AVANTE,MG
Senado,Guaracy Silveira,,,PP,TO
Camara dos Deputados,Guiga Peixoto,https://pt.wikipedia.org/wiki/Guiga_Peixoto,Q59204146,PSC,SP
Camara dos Deputados,Guilherme Mussi,https://pt.wikipedia.org/wiki/Guilherme_Mussi,Q16337536,PP,SP
Camara dos Deputados,Carlos Frederico Deluqui Gurgel,,Q21514415,PL,RJ
Camara dos Deputados,Gustavo Fruet,,,PDT,PR
Camara dos Deputados,Gustinho Ribeiro,https://pt.wikipedia.org/wiki/Gustinho_Ribeiro,Q59204244,REPUBLICANOS,SE
Camara dos Deputados,Gutemberg Reis,https://pt.wikipedia.org/wiki/Gutemberg_Reis,Q59204238,MDB,RJ
Camara dos Deputados,Haroldo Cathedral,,,PSD,RR
Camara dos Deputados,Heitor Freire,https://pt.wikipedia.org/wiki/Heitor_Freire,Q59202672,UNIÃO,CE
Camara dos Deputados,Heitor Schuch,https://pt.wikipedia.org/wiki/Heitor_Schuch,Q19709290,PSB,RS
Camara dos Deputados,Helder Salomão,https://pt.wikipedia.org/wiki/Helder_Salomão,Q10294410,PT,ES
Camara dos Deputados,Hélio Costa,,,PSD,SC
Camara dos Deputados,Hélio Leite,https://pt.wikipedia.org/wiki/Hélio_Leite,Q21290297,UNIÃO,PA
Camara dos Deputados,Helio Lopes,,,PL,RJ
Camara dos Deputados,Herique Fontana,https://pt.wikipedia.org/wiki/Henrique_Fontana,Q10294757,PT,RS
Camara dos Deputados,Hercílio Coelho Diniz,https://pt.wikipedia.org/wiki/Hercílio_Coelho_Diniz,Q59003609,MDB,MG
Camara dos Deputados,Herculano Passos,https://pt.wikipedia.org/wiki/Herculano_Passos,Q19709389,REPUBLICANOS,SP
Camara dos Deputados,Hermes Parcianello,https://pt.wikipedia.org/wiki/Hermes_Parcianello,Q18275726,MDB,PR
Camara dos Deputados,Hildo Rocha,https://pt.wikipedia.org/wiki/Hildo_Rocha,Q24691947,MDB,MA
Camara dos Deputados,Hiran Gonçalves,https://pt.wikipedia.org/wiki/Hiran_Gonçalves,Q20045828,PP,RR
Camara dos Deputados,Hugo Leal,,,PSD,RJ
Camara dos Deputados,Hugo Motta,https://pt.wikipedia.org/wiki/Hugo_Motta,Q10298778,REPUBLICANOS,PB
Senado,Humberto Costa,,,PT,PE
Camara dos Deputados,Idilvan,https://pt.wikipedia.org/wiki/Idilvan_Alencar,Q59203220,PDT,CE
Camara dos Deputados,Igor Kannário,https://pt.wikipedia.org/wiki/Igor_Kannário,Q20048650,UNIÃO,BA
Camara dos Deputados,Igor Timo,https://pt.wikipedia.org/wiki/Igor_Timo,Q59204949,PODE,MG
Camara dos Deputados,Iracema Portela,https://pt.wikipedia.org/wiki/Iracema_Portela,Q10303533,PP,PI
Senado,Irajá,,,PSD,TO
Camara dos Deputados,Isnaldo Bulhões Jr.,,,MDB,AL
Camara dos Deputados,Ivan Valente,https://pt.wikipedia.org/wiki/Ivan_Valente,Q10304402,PSOL,SP
Senado,Ivete da Silveira,,,MDB,SC
Senado,Izalci Lucas,,,PSDB,DF
Senado,Jader Barbalho,https://pt.wikipedia.org/wiki/Jader_Barbalho,Q3806086,MDB,PA
Camara dos Deputados,Jandira Feghali,https://pt.wikipedia.org/wiki/Jandira_Feghali,Q10305189,PCdoB,RJ
Camara dos Deputados,Jaqueline Cassol,https://pt.wikipedia.org/wiki/Jaqueline_Cassol,Q58999673,PP,RO
Senado,Jaques Wagner,,,PT,BA
Senado,Jarbas Vasconcelos,https://pt.wikipedia.org/wiki/Jarbas_Vasconcelos,Q10305371,MDB,PE
Senado,Jayme Campos,https://pt.wikipedia.org/wiki/Jayme_Campos,Q578197,UNIÃO,MT
Senado,Jean-Paul Prates,https://pt.wikipedia.org/wiki/Jean_Paul_Prates,Q59284434,PT,RN
Camara dos Deputados,Jefferson Alves de Campos,https://pt.wikipedia.org/wiki/Jefferson_Alves_de_Campos,Q10306594,PL,SP
Camara dos Deputados,Jerônimo Goergen,https://pt.wikipedia.org/wiki/Jerônimo_Goergen,Q19710150,PP,RS
Camara dos Deputados,Jéssica Sales,,,MDB,AC
Camara dos Deputados,Jesus Sérgio,,,PDT,AC
Camara dos Deputados,Jhonatan de Jesus,https://pt.wikipedia.org/wiki/Jhonatan_de_Jesus,Q48871951,REPUBLICANOS,RR
Camara dos Deputados,João Campos,,,REPUBLICANOS,GO
Camara dos Deputados,João Carlos Bacelar,,,PL,BA
Camara dos Deputados,João Daniel,,,PT,SE
Camara dos Deputados,João Maia,,,PL,RN
Camara dos Deputados,João Marcelo de Souza,https://pt.wikipedia.org/wiki/João_Marcelo_Souza,Q25175948,MDB,MA
Camara dos Deputados,João Roma,https://pt.wikipedia.org/wiki/João_Roma,Q59204311,PL,BA
Camara dos Deputados,Joaquim Passarinho,https://pt.wikipedia.org/wiki/Joaquim_Passarinho,Q27999231,PL,PA
Camara dos Deputados,Joceval Rodrigues dos Santos,,Q64851753,CIDADANIA,BA
Camara dos Deputados,Joênia Batista de Carvalho,https://pt.wikipedia.org/wiki/Joênia_Wapichana,Q3187339,REDE,RR
Camara dos Deputados,Joice Hasselmann,https://pt.wikipedia.org/wiki/Joice_Hasselmann,Q30933367,PSDB,SP
Camara dos Deputados,Jones Moura,https://pt.wikipedia.org/wiki/Jones_Moura,Q108379397,PSD,RJ
Camara dos Deputados,Jorge Braz,,,REPUBLICANOS,RJ
Senado,Jorge Kajuru,https://pt.wikipedia.org/wiki/Jorge_Kajuru,Q16337665,PODEMOS,GO
Camara dos Deputados,Jorge Solla,https://pt.wikipedia.org/wiki/Jorge_Solla,Q25176046,PT,BA
Camara dos Deputados,José Airton Félix Cirilo,,,PT,CE
Camara dos Deputados,José Guimarães,,,PT,CE
Camara dos Deputados,Joseildo Ramos,,,PT,BA
Camara dos Deputados,Zé Mário,https://pt.wikipedia.org/wiki/Zé_Mário_(político),Q59572991,MDB,GO
Camara dos Deputados,José Medeiros,,,PL,MT
Camara dos Deputados,José Nelto,https://pt.wikipedia.org/wiki/José_Nelto,Q20045906,PP,GO
Camara dos Deputados,José Priante,https://pt.wikipedia.org/wiki/José_Priante,Q10310355,MDB,PA
Camara dos Deputados,José Ricardo,,,PT,AM
Camara dos Deputados,José Rocha,,,UNIÃO,BA
Senado,José Serra,,,PSDB,SP
Camara dos Deputados,Josias Gomes,https://pt.wikipedia.org/wiki/Josias_Gomes,Q10308635,PT,BA
Camara dos Deputados,Josimar do Maranhãozinho,https://pt.wikipedia.org/wiki/Josimar_Maranhãozinho,Q30933672,PL,MA
Camara dos Deputados,Josivaldo JP,https://pt.wikipedia.org/wiki/Josivaldo_JP,Q109122863,PSD,MA
Camara dos Deputados,Juarez Costa,,,MDB,MT
Camara dos Deputados,Julian Lemos,https://pt.wikipedia.org/wiki/Julian_Lemos,Q59203434,UNIÃO,PB
Camara dos Deputados,Júlio Cesar,,,PSD,PI
Camara dos Deputados,Julio Cesar Ribeiro,,,REPUBLICANOS,DF
Camara dos Deputados,Júlio Delgado,,,PV,MG
Senado,Julio Ventura,,,PDT,CE
Camara dos Deputados,Juninho Do Pneu,,,UNIÃO,RJ
Camara dos Deputados,Junio Amaral,,,PL,MG
Camara dos Deputados,Júnior Ferrari,,,PSD,PA
Camara dos Deputados,Junior Lourenço,https://pt.wikipedia.org/wiki/Júnior_Lourenço,Q59203666,PL,MA
Camara dos Deputados,Júnior Mano,,,PL,CE
Camara dos Deputados,Juscelino Filho,https://pt.wikipedia.org/wiki/Juscelino_Filho,Q25175938,UNIÃO,MA
Camara dos Deputados,Kim Kataguiri,https://pt.wikipedia.org/wiki/Kim_Kataguiri,Q21715169,UNIÃO,SP
Camara dos Deputados,Laercio Oliveira,https://pt.wikipedia.org/wiki/Laercio_Oliveira,Q10315541,PP,SE
Camara dos Deputados,Lafayette Luiz Doorgal de Andrada,https://pt.wikipedia.org/wiki/Lafayette_Andrada,Q10315560,REPUBLICANOS,MG
Senado,Lasier Martins,https://pt.wikipedia.org/wiki/Lasier_Martins,Q10316457,PODEMOS,RS
Camara dos Deputados,Lauriete,https://pt.wikipedia.org/wiki/Lauriete,Q10316576,PSC,ES
Camara dos Deputados,Lázaro Botelho,https://pt.wikipedia.org/wiki/Lázaro_Botelho,Q23893664,PP,TO
Camara dos Deputados,Leandre,,,PSD,PR
Camara dos Deputados,Leda Sadala,https://pt.wikipedia.org/wiki/Leda_Sadala,Q58967562,PP,AP
Senado,Leila Barros,https://pt.wikipedia.org/wiki/Leila_Barros,Q458463,PDT,DF
Camara dos Deputados,Leo de Brito,https://pt.wikipedia.org/wiki/Leo_de_Brito,Q21290337,PT,AC
Camara dos Deputados,Léo Moraes,,,PODE,RO
Camara dos Deputados,Léo Motta,,,REPUBLICANOS,MG
Camara dos Deputados,Leonardo Monteiro,,,PT,MG
Camara dos Deputados,José Leônidas Menezes Cristino,https://pt.wikipedia.org/wiki/Leônidas_Cristino,Q10309765,PDT,CE
Camara dos Deputados,Leur Lomanto Júnior,https://pt.wikipedia.org/wiki/Leur_Lomanto_Júnior,Q48868490,UNIÃO,BA
Camara dos Deputados,Lídice da Mata,https://pt.wikipedia.org/wiki/Lídice_da_Mata,Q9025833,PSB,BA
Camara dos Deputados,Lincoln Portela,https://pt.wikipedia.org/wiki/Lincoln_Portela,Q10318428,PL,MG
Camara dos Deputados,Liziane Bayer da Costa,https://pt.wikipedia.org/wiki/Liziane_Bayer,Q20045969,REPUBLICANOS,RS
Camara dos Deputados,Loester Trutis,https://pt.wikipedia.org/wiki/Loester_Trutis,Q59204976,PL,MS
Camara dos Deputados,Lourival Gomes,https://pt.wikipedia.org/wiki/Lourival_Gomes,Q48871961,PP,RJ
Senado,Lucas Barreto,,,PSD,AP
Camara dos Deputados,Lucas Follador,,Q61877836,PSC,RO
Camara dos Deputados,Lucas Gonzalez,,,NOVO,MG
Camara dos Deputados,Lucas Bello Redecker,https://pt.wikipedia.org/wiki/Lucas_Redecker,Q18276971,PSDB,RS
Camara dos Deputados,Lucas Vergílio,https://pt.wikipedia.org/wiki/Lucas_Vergílio,Q20045973,SOLIDARIEDADE,GO
Camara dos Deputados,Luciano Bivar,https://pt.wikipedia.org/wiki/Luciano_Bivar,Q2917241,UNIÃO,PE
Camara dos Deputados,Luciano Ducci,https://pt.wikipedia.org/wiki/Luciano_Ducci,Q10320298,PSB,PR
Camara dos Deputados,Lucio Mosquini,https://pt.wikipedia.org/wiki/Lucio_Mosquini,Q20045976,MDB,RO
Camara dos Deputados,Luísa Canziani,https://pt.wikipedia.org/wiki/Luísa_Canziani,Q58998806,PSD,PR
Senado,Luis Carlos Heinze,https://pt.wikipedia.org/wiki/Luis_Carlos_Heinze,Q10320531,PP,RS
Camara dos Deputados,Luis Miranda,,,REPUBLICANOS,DF
Camara dos Deputados,Luís Tibé,https://pt.wikipedia.org/wiki/Luis_Tibé,Q10321665,AVANTE,MG
Camara dos Deputados,Luiza Erundina,https://pt.wikipedia.org/wiki/Luiza_Erundina,Q6701512,PSOL,SP
Camara dos Deputados,Luiz Antônio Corrêa,https://pt.wikipedia.org/wiki/Luiz_Antônio_Corrêa,Q59284540,PP,RJ
Camara dos Deputados,Luiz Goularte Alves,https://pt.wikipedia.org/wiki/Luizão_Goulart,Q10320762,SOLIDARIEDADE,PR
Camara dos Deputados,Luiz Carlos,,,PSDB,AP
Senado,Luiz Carlos do Carmo,https://pt.wikipedia.org/wiki/Luiz_Carlos_do_Carmo,Q20045985,PSC,GO
Camara dos Deputados,Luiz Carlos Motta,https://pt.wikipedia.org/wiki/Luiz_Carlos_Motta,Q59203903,PL,SP
Camara dos Deputados,Luizianne Lins,https://pt.wikipedia.org/wiki/Luizianne_Lins,Q2920668,PT,CE
Camara dos Deputados,Luiz Lima,,,PL,RJ
Camara dos Deputados,Luiz Nishimori,https://pt.wikipedia.org/wiki/Luiz_Nishimori,Q16337816,PSD,PR
Senado,Luiz Pastore,https://pt.wikipedia.org/wiki/Luiz_Pastore,Q76376879,MDB,ES
Camara dos Deputados,Luiz Philippe of Orléans-Braganza,https://pt.wikipedia.org/wiki/Luiz_Philippe_de_Orléans_e_Bragança,Q29474202,PL,SP
Camara dos Deputados,Magda Mofatto,https://pt.wikipedia.org/wiki/Magda_Mofatto,Q21020156,PL,GO
Senado,Mailza Gomes,https://pt.wikipedia.org/wiki/Mailza_Gomes,Q59284468,PP,AC
Camara dos Deputados,Major Fabiana,https://pt.wikipedia.org/wiki/Major_Fabiana,Q59010102,PL,RJ
Camara dos Deputados,Major Vitor Hugo,https://pt.wikipedia.org/wiki/Vitor_Hugo_de_Araújo_Almeida,Q59573009,PL,GO
Senado,Mara Gabrilli,https://pt.wikipedia.org/wiki/Mara_Gabrilli,Q3287330,PSDB,SP
Camara dos Deputados,Mara Rocha,https://pt.wikipedia.org/wiki/Mara_Rocha,Q59204283,MDB,AC
Camara dos Deputados,Marcelo Álvaro Antônio,,,PL,MG
Camara dos Deputados,Marcelo Aro,,,PP,MG
Camara dos Deputados,Marcelo Calero,https://pt.wikipedia.org/wiki/Marcelo_Calero,Q24553437,PSD,RJ
Senado,Marcelo Castro,,,MDB,PI
Camara dos Deputados,Marcelo Freixo,,,PSB,RJ
Camara dos Deputados,Marcelo Moraes,,,PL,RS
Camara dos Deputados,Marcelo Nilo,https://pt.wikipedia.org/wiki/Marcelo_Nilo,Q59204024,REPUBLICANOS,BA
Camara dos Deputados,Marcelo Ramos,,,PSD,AM
Camara dos Deputados,Marcel van Hattem,https://pt.wikipedia.org/wiki/Marcel_van_Hattem,Q19607490,NOVO,RS
Camara dos Deputados,Márcio Alvino,https://pt.wikipedia.org/wiki/Márcio_Alvino,Q18476806,PL,SP
Camara dos Deputados,Márcio Biolchi,https://pt.wikipedia.org/wiki/Márcio_Biolchi,Q10334291,MDB,RS
Camara dos Deputados,Márcio Jerry,https://pt.wikipedia.org/wiki/Márcio_Jerry,Q59203231,PCdoB,MA
Camara dos Deputados,Márcio da Silveira Labre,https://pt.wikipedia.org/wiki/Márcio_Labre,Q59203314,PL,RJ
Camara dos Deputados,Márcio Macêdo,,,PT,SE
Camara dos Deputados,Márcio Marinho,,,REPUBLICANOS,BA
Camara dos Deputados,Marco Bertaiolli,,,PSD,SP
Camara dos Deputados,Marco Brasil,https://pt.wikipedia.org/wiki/Marco_Brasil,Q10325316,PP,PR
Camara dos Deputados,Marcon,,,PT,RS
Camara dos Deputados,Marcos Aurelio Sampaio,https://pt.wikipedia.org/wiki/Marcos_Aurélio_Sampaio,Q59204863,PSD,PI
Senado,Marcos do Val,https://pt.wikipedia.org/wiki/Marcos_do_Val,Q43192998,PODEMOS,ES
Camara dos Deputados,Marcos Pereira,,,REPUBLICANOS,SP
Senado,Marcos Rogério,,,PL,RO
Camara dos Deputados,Marcos Soares,,,UNIÃO,RJ
Camara dos Deputados,Margarete de Castro Coelho,https://pt.wikipedia.org/wiki/Margarete_Coelho,Q20046017,PP,PI
Senado,Margareth Buzetti,,,PP,MT
Senado,Maria das Vitórias,https://pt.wikipedia.org/wiki/Maria_das_Vitórias,Q115662127,PSD,AC
Senado,Maria do Carmo Alves,,,PP,SE
Camara dos Deputados,Maria do Rosário,https://pt.wikipedia.org/wiki/Maria_do_Rosário,Q6761707,PT,RS
Camara dos Deputados,Maria Rosas,,,REPUBLICANOS,SP
Camara dos Deputados,Marília Arraes,https://pt.wikipedia.org/wiki/Marília_Arraes,Q10327085,SOLIDARIEDADE,PE
Camara dos Deputados,Marina Santos,,,REPUBLICANOS,PI
Camara dos Deputados,Mário Heringer,https://pt.wikipedia.org/wiki/Mário_Heringer,Q27836016,PDT,MG
Camara dos Deputados,Mário Negromonte Júnior,https://pt.wikipedia.org/wiki/Mário_Negromonte_Júnior,Q21290360,PP,BA
Camara dos Deputados,Marlon Santos,,,PL,RS
Camara dos Deputados,Marreca Filho,,,PATRIOTA,MA
Camara dos Deputados,Marx Beltrão,https://pt.wikipedia.org/wiki/Marx_Beltrão,Q23893667,PP,AL
Camara dos Deputados,Maurício Dziedricki,https://pt.wikipedia.org/wiki/Maurício_Dziedricki,Q20046033,PODE,RS
Camara dos Deputados,Mauro Benevides Filho,https://pt.wikipedia.org/wiki/Mauro_Benevides_Filho,Q10327558,PDT,CE
Camara dos Deputados,Mauro Lopes,https://pt.wikipedia.org/wiki/Mauro_Lopes,Q23893557,PP,MG
Camara dos Deputados,Mauro Nazif Rasul,https://pt.wikipedia.org/wiki/Mauro_Nazif,Q10327588,PSB,RO
Senado,Mecias de Jesus,https://pt.wikipedia.org/wiki/Mecias_de_Jesus,Q59284521,REPUBLICANOS,RR
Camara dos Deputados,Merlong Solano,https://pt.wikipedia.org/wiki/Merlong_Solano,Q18277786,PT,PI
Camara dos Deputados,Miguel Lombardi,,,PL,SP
Camara dos Deputados,Milton Coelho,https://pt.wikipedia.org/wiki/Milton_Coelho,Q106947377,PSB,PE
Camara dos Deputados,Milton Vieira,,,REPUBLICANOS,SP
Camara dos Deputados,Misael Varela,https://pt.wikipedia.org/wiki/Misael_Varella,Q48871823,PSD,MG
Camara dos Deputados,Natalia Bonavides,https://pt.wikipedia.org/wiki/Natália_Bonavides,Q50329652,PT,RN
Senado,Nelson Trad Filho,https://pt.wikipedia.org/wiki/Nelson_Trad_Filho,Q10336123,PSD,MS
Camara dos Deputados,Nelson Barbudo,https://pt.wikipedia.org/wiki/Nelson_Barbudo,Q59284478,PL,MT
Camara dos Deputados,Nereu Crispin,https://pt.wikipedia.org/wiki/Nereu_Crispim,Q59284537,PSD,RS
Camara dos Deputados,Neri Geller,https://pt.wikipedia.org/wiki/Neri_Geller,Q16337984,PP,MT
Camara dos Deputados,Neucimar Ferreira Fraga,https://pt.wikipedia.org/wiki/Neucimar_Fraga,Q10336445,PP,ES
Camara dos Deputados,Newton Cardoso Jr,https://pt.wikipedia.org/wiki/Newton_Cardoso_Júnior,Q23883203,MDB,MG
Camara dos Deputados,Ney Leprevost,https://pt.wikipedia.org/wiki/Ney_Leprevost,Q18708076,UNIÃO,PR
Camara dos Deputados,Nicoletti,,,UNIÃO,RR
Senado,Nilda Gondim,https://pt.wikipedia.org/wiki/Nilda_Gondim,Q10336873,MDB,PB
Camara dos Deputados,Nilson Pinto,,,PSDB,PA
Camara dos Deputados,Nilto Tatto,https://pt.wikipedia.org/wiki/Nilto_Tatto,Q20046071,PT,SP
Camara dos Deputados,Nivaldo Albuquerque,https://pt.wikipedia.org/wiki/Nivaldo_Albuquerque,Q25175972,REPUBLICANOS,AL
Camara dos Deputados,Norma Ayub,https://pt.wikipedia.org/wiki/Norma_Ayub,Q28466341,PP,ES
Camara dos Deputados,Odair Cunha,https://pt.wikipedia.org/wiki/Odair_Cunha,Q10340213,PT,MG
Senado,Ogari Pacheco,,,UNIÃO,TO
Camara dos Deputados,Olival Marques,https://pt.wikipedia.org/wiki/Olival_Marques,Q59203710,MDB,PA
Senado,Omar Aziz,https://pt.wikipedia.org/wiki/Omar_Aziz,Q10340805,PSD,AM
Camara dos Deputados,Onyx Lorenzoni,https://pt.wikipedia.org/wiki/Onyx_Lorenzoni,Q10341050,PL,RS
Senado,Oriovisto Guimarães,https://pt.wikipedia.org/wiki/Oriovisto_Guimarães,Q58237814,PODEMOS,PR
Camara dos Deputados,Orlando Silva,,,PCdoB,SP
Camara dos Deputados,Osmar Serraglio,https://pt.wikipedia.org/wiki/Osmar_Serraglio,Q10342261,PP,PR
Camara dos Deputados,Osmar Terra,https://pt.wikipedia.org/wiki/Osmar_Terra,Q10342262,MDB,RS
Camara dos Deputados,Ossesio Silva,https://pt.wikipedia.org/wiki/Ossesio_Silva,Q10342290,REPUBLICANOS,PE
Camara dos Deputados,Otoni De Paula,https://pt.wikipedia.org/wiki/Otoni_de_Paula,Q59573028,MDB,RJ
Camara dos Deputados,Ottaci Nascimento,,,SOLIDARIEDADE,RR
Senado,Otto Alencar,https://pt.wikipedia.org/wiki/Otto_Alencar,Q10342495,PSD,BA
Camara dos Deputados,Otto Alencar Filho,https://pt.wikipedia.org/wiki/Otto_Alencar_Filho,Q60784795,PSD,BA
Camara dos Deputados,João Carlos Siqueira,https://pt.wikipedia.org/wiki/Padre_João,Q10311284,PT,MG
Camara dos Deputados,Pastor Eurico,https://pt.wikipedia.org/wiki/Eurico_da_Silva,Q20046091,PL,PE
Camara dos Deputados,Pastor Gil,,,PL,MA
Camara dos Deputados,Pastor Sargento Isidório,https://pt.wikipedia.org/wiki/Isidório_de_Santana_Júnior,Q59203222,AVANTE,BA
Camara dos Deputados,Patricia Ferraz,https://pt.wikipedia.org/wiki/Patricia_Ferraz,Q94786332,PODE,AP
Camara dos Deputados,Patrus Ananias,https://pt.wikipedia.org/wiki/Patrus_Ananias,Q10346153,PT,MG
Camara dos Deputados,Paula Belmonte,https://pt.wikipedia.org/wiki/Paula_Belmonte,Q58995779,CIDADANIA,DF
Camara dos Deputados,Paulão,,,PT,AL
Camara dos Deputados,Paulo Pereira da Silva,https://pt.wikipedia.org/wiki/Paulinho_da_Força,Q10346741,SOLIDARIEDADE,SP
Camara dos Deputados,Paulo Abi-Ackel,https://pt.wikipedia.org/wiki/Paulo_Abi-Ackel,Q21020223,PSDB,MG
Camara dos Deputados,Paulo Azi,https://pt.wikipedia.org/wiki/Paulo_Azi,Q25176049,UNIÃO,BA
Camara dos Deputados,Paulo Bengtson,,,PTB,PA
Camara dos Deputados,Paulo Eduardo Martins,https://pt.wikipedia.org/wiki/Paulo_Eduardo_Martins,Q23893562,PL,PR
Camara dos Deputados,Paulo Foletto,https://pt.wikipedia.org/wiki/Paulo_Foletto,Q27999267,PSB,ES
Camara dos Deputados,Paulo Freire Costa,https://pt.wikipedia.org/wiki/Paulo_Freire_Costa,Q20059223,PL,SP
Camara dos Deputados,Paulo Ganime,https://pt.wikipedia.org/wiki/Paulo_Ganime,Q59203068,NOVO,RJ
Camara dos Deputados,Paulo Guedes,,,PT,MG
Camara dos Deputados,Paulo Magalhães,,,PSD,BA
Senado,Paulo Paim,https://pt.wikipedia.org/wiki/Paulo_Paim,Q7155276,PT,RS
Camara dos Deputados,Paulo Pimenta,,,PT,RS
Camara dos Deputados,Paulo Ramos,,,PDT,RJ
Senado,Paulo Rocha,,,PT,PA
Camara dos Deputados,Paulo Teixeira,,,PT,SP
Camara dos Deputados,Pedro Augusto Bezerra,,,PDT,CE
Camara dos Deputados,Pedro Augusto,https://pt.wikipedia.org/wiki/Pedro_Augusto_(radialista),Q10347322,PP,RJ
Camara dos Deputados,Pedro Cunha Lima,https://pt.wikipedia.org/wiki/Pedro_Cunha_Lima,Q18279752,PSDB,PB
Camara dos Deputados,Pedro Lucas Fernandes,,,UNIÃO,MA
Camara dos Deputados,Pedro Lupion,https://pt.wikipedia.org/wiki/Pedro_Lupion,Q20046099,PP,PR
Camara dos Deputados,Pedro Paulo,,,PSD,RJ
Camara dos Deputados,Pedro Uczai,https://pt.wikipedia.org/wiki/Pedro_Uczai,Q10347794,PT,SC
Camara dos Deputados,Pedro Vilela,,,PSDB,AL
Camara dos Deputados,Pedro Westphalen,https://pt.wikipedia.org/wiki/Pedro_Westphalen,Q17490149,PP,RS
Camara dos Deputados,Perpétua Almeida,https://pt.wikipedia.org/wiki/Perpétua_Almeida,Q10348756,PCdoB,AC
Camara dos Deputados,Pinheirinho,,,PP,MG
Senado,Plínio Valério,,,PSDB,AM
Camara dos Deputados,Policial Katia Sastre,https://pt.wikipedia.org/wiki/Katia_Sastre,Q59284371,PL,SP
Camara dos Deputados,Darci Pompeo de Mattos,https://pt.wikipedia.org/wiki/Pompeo_de_Mattos,Q10264196,PDT,RS
Camara dos Deputados,Pr. Marco Feliciano,,,PL,SP
Camara dos Deputados,Dayane Pimentel,https://pt.wikipedia.org/wiki/Dayane_Pimentel,Q59284456,UNIÃO,BA
Camara dos Deputados,Professor Alcides,https://pt.wikipedia.org/wiki/Professor_Alcides,Q59572941,PL,GO
Camara dos Deputados,Professora Marcivânia,https://pt.wikipedia.org/wiki/Marcivânia_Flexa,Q25440903,PCdoB,AP
Camara dos Deputados,Professora Rosa Neide,https://pt.wikipedia.org/wiki/Rosa_Neide,Q59203962,PT,MT
Camara dos Deputados,Professor Israel Batista,,,PSB,DF
Camara dos Deputados,Professor Joziel,,,PATRIOTA,RJ
Camara dos Deputados,Rafael Motta,https://pt.wikipedia.org/wiki/Rafael_Motta,Q20046125,PSB,RN
Senado,Rafael Tenório,,,MDB,AL
Camara dos Deputados,Raimundo Costa,,,PODE,BA
Senado,Randolfe Rodrigues,https://pt.wikipedia.org/wiki/Randolfe_Rodrigues,Q6158744,REDE,AP
Camara dos Deputados,Raul Henry,https://pt.wikipedia.org/wiki/Raul_Henry,Q10357606,MDB,PE
Camara dos Deputados,Reginaldo Lopes,https://pt.wikipedia.org/wiki/Reginaldo_Lopes,Q10358639,PT,MG
Senado,José Antônio Machado Reguffe,https://pt.wikipedia.org/wiki/José_Reguffe,Q10308833,S/Partido,DF
Camara dos Deputados,Rejane Dias,https://pt.wikipedia.org/wiki/Rejane_Dias,Q10359026,PT,PI
Camara dos Deputados,Renildo Calheiros,https://pt.wikipedia.org/wiki/Renildo_Calheiros,Q10359434,PCdoB,PE
Camara dos Deputados,Ricardo Barros,,,PP,PR
Camara dos Deputados,Ricardo Correa de Barros,,Q61878334,PDT,RJ
Camara dos Deputados,Ricardo Guidi,https://pt.wikipedia.org/wiki/Ricardo_Guidi,Q20046140,PSD,SC
Camara dos Deputados,Ricardo Izar,https://pt.wikipedia.org/wiki/Ricardo_Izar,Q10361159,REPUBLICANOS,SP
Camara dos Deputados,Ricardo Silva,,,PSD,SP
Camara dos Deputados,Ricardo Teobaldo Cavalcanti,https://pt.wikipedia.org/wiki/Ricardo_Teobaldo,Q20046141,PODE,PE
Camara dos Deputados,Robério Monteiro,https://pt.wikipedia.org/wiki/Robério_Monteiro,Q18280566,PDT,CE
Senado,Roberth Bringel,,,UNIÃO,MA
Camara dos Deputados,Roberto Alves,,,REPUBLICANOS,SP
Camara dos Deputados,Roberto de Lucena,https://pt.wikipedia.org/wiki/Roberto_de_Lucena,Q24035071,REPUBLICANOS,SP
Senado,Roberto Rocha,,,PTB,MA
Camara dos Deputados,Rodrigo Agostinho,https://pt.wikipedia.org/wiki/Rodrigo_Agostinho,Q10363816,PSB,SP
Camara dos Deputados,Rodrigo Coelho,,,PODE,SC
Senado,Rodrigo Cunha,,,UNIÃO,AL
Camara dos Deputados,Rodrigo De Castro,,,UNIÃO,MG
Senado,Rodrigo Pacheco,,,PSD,MG
Senado,Rogério Carvalho,,,PT,SE
Camara dos Deputados,Rogério Correia,,,PT,MG
Camara dos Deputados,Peninha,https://pt.wikipedia.org/wiki/Rogério_Peninha_Mendonça,Q10348317,MDB,SC
Senado,Romário,,,PL,RJ
Camara dos Deputados,Ronaldo Carletto,https://pt.wikipedia.org/wiki/Ronaldo_Carletto,Q25176041,PP,BA
Camara dos Deputados,Ronaldo Martins,,,REPUBLICANOS,CE
Camara dos Deputados,Rosana Valle,https://pt.wikipedia.org/wiki/Rosana_Valle,Q51882251,PL,SP
Camara dos Deputados,Rosângela Gomes,https://pt.wikipedia.org/wiki/Rosângela_Gomes,Q25441129,REPUBLICANOS,RJ
Camara dos Deputados,Rose Modesto,https://pt.wikipedia.org/wiki/Rose_Modesto,Q20046153,UNIÃO,MS
Camara dos Deputados,Rubens Bueno,https://pt.wikipedia.org/wiki/Rubens_Bueno,Q10365087,CIDADANIA,PR
Camara dos Deputados,Rubens Otoni,https://pt.wikipedia.org/wiki/Rubens_Otoni,Q10365112,PT,GO
Camara dos Deputados,Rubens Pereira Júnior,https://pt.wikipedia.org/wiki/Rubens_Pereira_Júnior,Q24040303,PT,MA
Camara dos Deputados,Rui Falcão,https://pt.wikipedia.org/wiki/Rui_Falcão,Q7378706,PT,SP
Camara dos Deputados,Ruy Carneiro,https://pt.wikipedia.org/wiki/Ruy_Carneiro,Q10365440,PSC,PB
Camara dos Deputados,Sâmia Bomfim,https://pt.wikipedia.org/wiki/Sâmia_Bomfim,Q30931344,PSOL,SP
Camara dos Deputados,Samuel Moreira,https://pt.wikipedia.org/wiki/Samuel_Moreira,Q10367339,PSDB,SP
Camara dos Deputados,Sanderson,,,PL,RS
Camara dos Deputados,Sandro Alex,,,PSD,PR
Camara dos Deputados,Sargento Alexandre,,,PODE,SP
Camara dos Deputados,Sargento Fahur,https://pt.wikipedia.org/wiki/Sargento_Fahur,Q30931528,PSD,PR
Camara dos Deputados,Sebastião Oliveira,,,AVANTE,PE
Camara dos Deputados,Sérgio Brito,,,PSD,BA
Camara dos Deputados,Sergio Souza,,,MDB,PR
Camara dos Deputados,Sergio Toledo,,,PV,AL
Camara dos Deputados,Severino Pessôa,https://pt.wikipedia.org/wiki/Severino_Pessôa,Q59204169,MDB,AL
Camara dos Deputados,Shéridan,,,PSDB,RR
Camara dos Deputados,Sidney Leite,https://pt.wikipedia.org/wiki/Sidney_Leite,Q59203425,PSD,AM
Camara dos Deputados,Silas Câmara,https://pt.wikipedia.org/wiki/Silas_Câmara,Q10371458,REPUBLICANOS,AM
Camara dos Deputados,Silvia Cristina,,,PL,RO
Camara dos Deputados,Sílvio Costa Filho,https://pt.wikipedia.org/wiki/Sílvio_Costa_Filho,Q27999257,REPUBLICANOS,PE
Senado,Simone Tebet,https://pt.wikipedia.org/wiki/Simone_Tebet,Q10371678,MDB,MS
Camara dos Deputados,Soraya Santos,https://pt.wikipedia.org/wiki/Soraya_Santos,Q24691926,PL,RJ
Senado,Soraya Thronicke,https://pt.wikipedia.org/wiki/Soraya_Thronicke,Q59284361,UNIÃO,MS
Camara dos Deputados,Sóstenes Cavalcante,https://pt.wikipedia.org/wiki/Sóstenes_Cavalcante,Q20046193,PL,RJ
Camara dos Deputados,Stefano Aguiar,https://pt.wikipedia.org/wiki/Stefano_Aguiar,Q28465692,PSD,MG
Senado,Styvenson Valentim,https://pt.wikipedia.org/wiki/Styvenson_Valentim,Q59284342,PODEMOS,RN
Camara dos Deputados,Subtenente Gonzaga,https://pt.wikipedia.org/wiki/Subtenente_Gonzaga,Q48871822,PSD,MG
Camara dos Deputados,Tabata Amaral,https://pt.wikipedia.org/wiki/Tabata_Amaral,Q56350595,PSB,SP
Camara dos Deputados,Francisco Tadeu Barbosa de Alencar,https://pt.wikipedia.org/wiki/Tadeu_Alencar,Q28555860,PSB,PE
Camara dos Deputados,Talíria Petrone,https://pt.wikipedia.org/wiki/Talíria_Petrone,Q56192111,PSOL,RJ
Senado,Tasso Jereissati,https://pt.wikipedia.org/wiki/Tasso_Jereissati,Q7687655,PSDB,CE
Senado,Telmário Mota,,,PROS,RR
Camara dos Deputados,Tereza Cristina,,,PP,MS
Camara dos Deputados,Tereza Nelma,,,PSD,AL
Camara dos Deputados,Tiago Andrino,,,PSB,TO
Camara dos Deputados,Tiago Dimas,https://pt.wikipedia.org/wiki/Tiago_Dimas,Q59003471,PODE,TO
Camara dos Deputados,Tiago Mitraud,https://pt.wikipedia.org/wiki/Tiago_Mitraud,Q59203776,NOVO,MG
Camara dos Deputados,Tiririca,https://pt.wikipedia.org/wiki/Tiririca,Q384804,PL,SP
Camara dos Deputados,Tito,,,AVANTE,BA
Camara dos Deputados,Toninho Wandscheer,https://pt.wikipedia.org/wiki/Toninho_Wandscheer,Q18464585,PROS,PR
Camara dos Deputados,Túlio Gadêlha,https://pt.wikipedia.org/wiki/Túlio_Gadêlha,Q59203059,REDE,PE
Camara dos Deputados,Uldurico Júnior,https://pt.wikipedia.org/wiki/Uldurico_Júnior,Q20046228,MDB,BA
Camara dos Deputados,Valmir Assunção,https://pt.wikipedia.org/wiki/Valmir_Assunção,Q10388943,PT,BA
Senado,Vanderlan Cardoso,https://pt.wikipedia.org/wiki/Vanderlan_Cardoso,Q27804601,PSD,GO
Camara dos Deputados,Vanderlei Macris,https://pt.wikipedia.org/wiki/Vanderlei_Macris,Q16941003,PSDB,SP
Camara dos Deputados,Vander Loubet,https://pt.wikipedia.org/wiki/Vander_Loubet,Q10389046,PT,MS
Camara dos Deputados,Vavá Martins,https://pt.wikipedia.org/wiki/Vavá_Martins,Q59203732,REPUBLICANOS,PA
Senado,Veneziano Vital do Rêgo Segundo Neto,https://pt.wikipedia.org/wiki/Veneziano_Vital_do_Rêgo,Q10389693,MDB,PB
Camara dos Deputados,Vermelho,,,PL,PR
Camara dos Deputados,Vicentinho,,,PT,SP
Camara dos Deputados,Vicentinho Júnior,https://pt.wikipedia.org/wiki/Vicentinho_Júnior,Q48122871,PP,TO
Camara dos Deputados,Vilson Luiz da Silva,https://pt.wikipedia.org/wiki/Vilson_da_Fetaemg,Q59284497,PSB,MG
Camara dos Deputados,Vinicius Carvalho,,,REPUBLICANOS,SP
Camara dos Deputados,Vinícius Farah,https://pt.wikipedia.org/wiki/Vinicius_Farah,Q59010388,UNIÃO,RJ
Camara dos Deputados,Vinicius Lazzer Poit,https://pt.wikipedia.org/wiki/Vinicius_Poit,Q59204200,NOVO,SP
Camara dos Deputados,Vítor Lippi,https://pt.wikipedia.org/wiki/Vítor_Lippi,Q10392736,PSDB,SP
Camara dos Deputados,Vivi Reis,https://pt.wikipedia.org/wiki/Vivi_Reis,Q105546379,PSOL,PA
Camara dos Deputados,Waldenor Pereira,https://pt.wikipedia.org/wiki/Waldenor_Pereira,Q25176048,PT,BA
Camara dos Deputados,Walter Alves,,,MDB,RN
Camara dos Deputados,Weliton Fernandes Prado,https://pt.wikipedia.org/wiki/Weliton_Prado,Q10393350,PROS,MG
Senado,Wellington Fagundes,https://pt.wikipedia.org/wiki/Wellington_Fagundes,Q17490188,PL,MT
Camara dos Deputados,Wellington Roberto,https://pt.wikipedia.org/wiki/Wellington_Roberto,Q10393365,PL,PB
Camara dos Deputados,Wilson Santiago,,,REPUBLICANOS,PB
Camara dos Deputados,Wolney Queiroz Maciel,https://pt.wikipedia.org/wiki/Wolney_Queiroz,Q10393971,PDT,PE
Camara dos Deputados,José Carlos Becker de Oliveira e Silva,https://pt.wikipedia.org/wiki/Zeca_Dirceu,Q10309081,PT,PR
Camara dos Deputados,Zé Carlos,,,PT,MA
Senado,Zenaide Maia,https://pt.wikipedia.org/wiki/Zenaide_Maia,Q27862767,PROS,RN
Camara dos Deputados,Zé Neto,,,PT,BA
Senado,Zequinha Marinho,https://pt.wikipedia.org/wiki/Zequinha_Marinho,Q25176026,PL,PA
Camara dos Deputados,Zé Silva,https://pt.wikipedia.org/wiki/Zé_Silva,Q23893154,SOLIDARIEDADE,MG
Camara dos Deputados,Zé Vitor,https://pt.wikipedia.org/wiki/Zé_Vitor,Q59205141,PL,MG
